{
    "accuracy": 0.6839061998072599,
    "precision": 0.7553191489361702,
    "recall": 0.5165343915343915,
    "auc": 0.7468897580546549
}
